Gender,Senior Citizen,Partner,Dependents,Tenure Months,Phone Service,Multiple Lines,Internet Service,Online Security,Online Backup,Device Protection,Tech Support,Streaming TV,Streaming Movies,Contract,Paperless Billing,Payment Method,Monthly Charges,Total Charges
Female,No,No,No,15,Yes,No,Fiber optic,No,Yes,No,No,No,Yes,Month-to-month,Yes,Bank transfer (automatic),85.9,1269.55
Male,No,Yes,No,18,Yes,Yes,DSL,No,Yes,No,No,No,No,Month-to-month,No,Credit card (automatic),56.8,1074.65
Female,No,No,No,2,Yes,No,No,No internet service,No internet service,No internet service,No internet service,No internet service,No internet service,Month-to-month,Yes,Mailed check,20.0,40.9
Male,Yes,Yes,No,6,Yes,No,Fiber optic,No,Yes,No,No,No,Yes,Month-to-month,Yes,Electronic check,84.2,519.15
Male,No,No,No,40,Yes,Yes,Fiber optic,No,No,Yes,Yes,Yes,Yes,Month-to-month,No,Bank transfer (automatic),104.8,4131.95
Female,Yes,No,No,8,Yes,Yes,Fiber optic,No,Yes,Yes,No,Yes,Yes,Month-to-month,Yes,Electronic check,105.5,829.55
Male,No,Yes,No,2,Yes,Yes,Fiber optic,No,No,Yes,No,Yes,No,Month-to-month,Yes,Electronic check,91.45,171.45
Female,No,Yes,No,17,Yes,No,Fiber optic,Yes,No,No,Yes,Yes,No,Month-to-month,No,Electronic check,91.85,1574.45
Female,No,No,No,1,No,No phone service,DSL,No,No,No,No,No,No,Month-to-month,Yes,Mailed check,25.1,25.1
Male,Yes,No,No,26,Yes,No,No,No internet service,No internet service,No internet service,No internet service,No internet service,No internet service,One year,No,Credit card (automatic),19.3,504.2
Male,No,Yes,No,29,Yes,Yes,Fiber optic,No,Yes,Yes,No,No,No,Month-to-month,Yes,Electronic check,85.8,2440.25
Female,No,No,No,37,Yes,Yes,Fiber optic,No,No,Yes,No,Yes,Yes,Month-to-month,Yes,Electronic check,100.05,3810.55
Male,No,Yes,No,71,Yes,Yes,DSL,Yes,Yes,Yes,Yes,No,Yes,Two year,Yes,Mailed check,80.1,5585.4
Female,No,No,No,13,Yes,No,No,No internet service,No internet service,No internet service,No internet service,No internet service,No internet service,Two year,Yes,Mailed check,20.4,261.3
Male,Yes,No,No,57,Yes,Yes,Fiber optic,No,Yes,No,Yes,Yes,Yes,Month-to-month,Yes,Bank transfer (automatic),104.9,5913.95
Female,No,No,No,55,Yes,No,DSL,Yes,No,No,No,No,No,Month-to-month,Yes,Credit card (automatic),50.55,2832.75
Male,No,Yes,Yes,7,Yes,No,No,No internet service,No internet service,No internet service,No internet service,No internet service,No internet service,Month-to-month,No,Mailed check,20.25,144.35
Female,No,No,No,1,Yes,No,DSL,Yes,No,No,No,No,No,Month-to-month,No,Bank transfer (automatic),49.55,49.55
Male,Yes,Yes,No,3,No,No phone service,DSL,No,No,No,No,Yes,No,Month-to-month,Yes,Mailed check,36.45,93.7
Male,Yes,Yes,No,72,Yes,Yes,DSL,No,Yes,Yes,Yes,Yes,No,Two year,No,Credit card (automatic),77.35,5396.25
Male,No,Yes,No,72,Yes,No,DSL,Yes,No,Yes,Yes,Yes,Yes,Two year,Yes,Electronic check,80.8,5728.55
Female,No,No,No,34,Yes,No,Fiber optic,No,Yes,No,No,No,No,Month-to-month,Yes,Credit card (automatic),73.95,2524.45
Female,No,No,No,41,Yes,Yes,DSL,No,Yes,Yes,No,Yes,Yes,One year,Yes,Electronic check,80.55,3263.9
Male,No,Yes,No,35,Yes,Yes,Fiber optic,No,No,No,No,No,No,Month-to-month,Yes,Electronic check,75.2,2576.2
Female,No,No,No,7,Yes,No,DSL,No,No,No,Yes,Yes,Yes,Month-to-month,Yes,Credit card (automatic),70.75,450.8
Male,No,No,No,62,Yes,Yes,DSL,Yes,Yes,Yes,Yes,No,No,Two year,No,Bank transfer (automatic),69.4,4237.5
Female,No,No,No,48,Yes,Yes,DSL,No,Yes,Yes,Yes,Yes,No,One year,Yes,Bank transfer (automatic),73.85,3581.4
Female,No,No,No,21,Yes,No,Fiber optic,No,Yes,Yes,No,No,Yes,Month-to-month,Yes,Electronic check,90.05,1862.9
Male,No,Yes,Yes,67,Yes,No,No,No internet service,No internet service,No internet service,No internet service,No internet service,No internet service,Two year,Yes,Credit card (automatic),19.4,1284.2
Male,No,Yes,No,72,Yes,Yes,Fiber optic,Yes,Yes,Yes,No,No,Yes,Two year,Yes,Electronic check,99.15,7422.1
Female,No,Yes,No,47,Yes,No,No,No internet service,No internet service,No internet service,No internet service,No internet service,No internet service,Two year,No,Bank transfer (automatic),19.65,921.55
Female,Yes,Yes,No,62,Yes,Yes,Fiber optic,No,Yes,Yes,No,Yes,No,One year,Yes,Credit card (automatic),97.95,5936.55
Female,No,No,No,19,Yes,Yes,Fiber optic,Yes,Yes,No,No,No,Yes,Month-to-month,Yes,Electronic check,95.15,1789.25
Female,No,Yes,No,3,Yes,Yes,Fiber optic,No,No,No,No,No,No,Month-to-month,Yes,Credit card (automatic),74.75,229.5
Male,No,No,No,3,Yes,No,Fiber optic,No,No,No,No,Yes,No,Month-to-month,Yes,Electronic check,78.5,242.05
Female,Yes,Yes,No,21,Yes,Yes,DSL,No,Yes,Yes,No,No,Yes,One year,No,Bank transfer (automatic),71.7,1497.05
Female,No,No,No,12,No,No phone service,DSL,No,Yes,Yes,Yes,Yes,Yes,One year,No,Electronic check,60.65,743.3
Female,No,No,No,5,Yes,Yes,No,No internet service,No internet service,No internet service,No internet service,No internet service,No internet service,Month-to-month,No,Mailed check,25.45,134.75
Female,No,Yes,No,65,Yes,No,DSL,No,No,No,Yes,Yes,No,Two year,Yes,Credit card (automatic),59.8,3808.2
Female,No,Yes,No,72,Yes,Yes,Fiber optic,Yes,Yes,Yes,Yes,No,No,Two year,Yes,Bank transfer (automatic),97.0,7104.2
Female,No,Yes,No,71,Yes,Yes,Fiber optic,No,No,No,No,Yes,Yes,Two year,Yes,Bank transfer (automatic),93.7,6585.35
Female,Yes,No,No,15,Yes,No,Fiber optic,No,Yes,No,No,No,No,Month-to-month,Yes,Credit card (automatic),75.3,1147.45
Female,Yes,No,No,71,Yes,Yes,Fiber optic,No,Yes,Yes,No,Yes,Yes,One year,Yes,Electronic check,105.9,7521.95
Male,No,No,No,5,Yes,No,DSL,No,Yes,No,Yes,No,Yes,Month-to-month,Yes,Bank transfer (automatic),65.6,339.9
Male,Yes,Yes,No,61,Yes,Yes,Fiber optic,No,Yes,No,No,No,No,Month-to-month,Yes,Electronic check,82.15,4904.85
Male,No,No,No,57,No,No phone service,DSL,No,Yes,No,No,Yes,No,Month-to-month,Yes,Electronic check,39.3,2111.45
Male,No,No,No,1,Yes,No,No,No internet service,No internet service,No internet service,No internet service,No internet service,No internet service,Month-to-month,No,Mailed check,19.55,19.55
Male,No,No,No,6,Yes,No,DSL,No,No,No,Yes,No,No,Month-to-month,Yes,Credit card (automatic),49.5,312.7
Female,No,Yes,No,69,Yes,No,DSL,No,Yes,No,No,No,Yes,Two year,Yes,Credit card (automatic),61.45,4131.2
Female,No,Yes,Yes,35,Yes,No,Fiber optic,Yes,No,Yes,Yes,Yes,Yes,Month-to-month,Yes,Electronic check,106.9,3756.45
Male,Yes,No,No,19,Yes,Yes,Fiber optic,No,Yes,No,No,Yes,No,Month-to-month,Yes,Electronic check,88.2,1775.8
Male,No,Yes,No,72,Yes,Yes,Fiber optic,No,Yes,Yes,No,Yes,Yes,Two year,Yes,Bank transfer (automatic),104.8,7470.1
Male,No,Yes,No,72,Yes,Yes,DSL,Yes,Yes,Yes,No,Yes,Yes,Two year,Yes,Electronic check,85.25,6083.1
Female,Yes,No,No,3,No,No phone service,DSL,No,No,No,No,No,No,Month-to-month,No,Electronic check,25.3,77.75
Male,No,Yes,No,49,Yes,Yes,DSL,Yes,No,Yes,Yes,Yes,Yes,One year,No,Electronic check,84.35,4059.35
Female,No,Yes,No,34,Yes,No,DSL,No,No,No,Yes,No,No,Month-to-month,No,Bank transfer (automatic),50.2,1815.3
Male,Yes,Yes,No,33,Yes,Yes,Fiber optic,Yes,No,Yes,Yes,Yes,Yes,Month-to-month,Yes,Bank transfer (automatic),109.9,3694.7
Male,No,No,No,1,Yes,No,No,No internet service,No internet service,No internet service,No internet service,No internet service,No internet service,Month-to-month,Yes,Mailed check,20.45,20.45
Female,No,No,No,5,Yes,No,No,No internet service,No internet service,No internet service,No internet service,No internet service,No internet service,Month-to-month,No,Credit card (automatic),19.85,108.05
Male,No,Yes,No,47,Yes,Yes,Fiber optic,No,No,No,No,Yes,Yes,One year,Yes,Credit card (automatic),95.2,4563.0
Male,No,Yes,No,46,Yes,No,No,No internet service,No internet service,No internet service,No internet service,No internet service,No internet service,One year,Yes,Bank transfer (automatic),20.2,845.6
Female,Yes,No,No,27,Yes,Yes,Fiber optic,No,Yes,Yes,No,No,No,Month-to-month,Yes,Bank transfer (automatic),86.45,2401.05
Male,No,No,No,54,Yes,No,DSL,Yes,Yes,No,Yes,Yes,No,Month-to-month,Yes,Mailed check,69.9,3883.3
Female,Yes,Yes,No,48,Yes,No,Fiber optic,No,No,No,No,No,No,Month-to-month,Yes,Bank transfer (automatic),70.65,3545.05
Female,No,Yes,No,68,Yes,Yes,Fiber optic,Yes,Yes,Yes,Yes,Yes,Yes,Two year,No,Bank transfer (automatic),114.9,7843.55
Female,No,Yes,No,64,Yes,Yes,Fiber optic,Yes,No,Yes,No,Yes,No,Two year,Yes,Credit card (automatic),94.6,5948.7
Male,No,Yes,No,52,Yes,Yes,Fiber optic,No,No,Yes,Yes,No,Yes,Two year,Yes,Bank transfer (automatic),96.25,4990.25
Male,No,Yes,Yes,31,Yes,Yes,Fiber optic,Yes,No,Yes,Yes,No,No,Month-to-month,No,Electronic check,89.3,2823.0
Female,No,No,Yes,46,Yes,Yes,Fiber optic,No,No,Yes,Yes,No,No,Month-to-month,Yes,Bank transfer (automatic),84.8,3958.85
Male,Yes,Yes,No,6,Yes,Yes,Fiber optic,No,No,Yes,No,No,No,Month-to-month,Yes,Electronic check,80.8,457.1
Male,No,No,No,35,Yes,No,No,No internet service,No internet service,No internet service,No internet service,No internet service,No internet service,Two year,No,Bank transfer (automatic),21.45,705.45
Male,No,Yes,No,34,Yes,No,Fiber optic,No,No,No,No,Yes,No,Month-to-month,No,Electronic check,78.3,2564.3
Female,No,No,No,1,Yes,No,No,No internet service,No internet service,No internet service,No internet service,No internet service,No internet service,Month-to-month,No,Mailed check,20.5,20.5
Female,No,Yes,No,69,Yes,Yes,Fiber optic,No,Yes,Yes,No,Yes,Yes,Month-to-month,Yes,Electronic check,103.95,7446.9
Male,No,Yes,No,9,Yes,Yes,Fiber optic,No,No,Yes,No,No,No,Month-to-month,Yes,Bank transfer (automatic),79.35,661.25
Male,No,No,No,8,No,No phone service,DSL,Yes,No,No,Yes,No,Yes,Two year,Yes,Mailed check,44.55,343.45
Male,No,No,No,12,Yes,Yes,No,No internet service,No internet service,No internet service,No internet service,No internet service,No internet service,Month-to-month,No,Electronic check,25.0,316.2
Male,No,Yes,Yes,4,Yes,No,No,No internet service,No internet service,No internet service,No internet service,No internet service,No internet service,Month-to-month,Yes,Mailed check,20.5,77.6
Female,No,No,No,18,Yes,No,Fiber optic,No,No,No,No,No,No,Month-to-month,Yes,Electronic check,71.1,1247.75
Male,No,Yes,Yes,67,Yes,Yes,Fiber optic,Yes,Yes,No,Yes,No,No,One year,No,Electronic check,89.55,6038.55
Female,No,Yes,Yes,20,Yes,Yes,Fiber optic,Yes,No,No,No,No,No,Month-to-month,No,Electronic check,82.4,1592.35
Male,No,Yes,Yes,2,Yes,Yes,DSL,Yes,No,No,No,No,No,Month-to-month,No,Mailed check,56.7,113.55
Female,No,Yes,No,39,No,No phone service,DSL,Yes,No,Yes,No,Yes,Yes,Month-to-month,No,Electronic check,55.9,2184.35
Female,Yes,No,No,49,Yes,Yes,Fiber optic,Yes,Yes,Yes,Yes,No,Yes,One year,No,Bank transfer (automatic),103.0,5166.2
Female,No,No,No,8,Yes,No,Fiber optic,No,Yes,No,No,No,No,Month-to-month,No,Electronic check,75.6,535.55
Female,No,No,No,2,Yes,No,DSL,No,No,No,No,No,No,Month-to-month,Yes,Electronic check,45.4,80.95
Male,No,Yes,Yes,68,Yes,Yes,Fiber optic,Yes,Yes,Yes,Yes,Yes,Yes,Two year,Yes,Bank transfer (automatic),114.7,7849.85
Female,No,No,No,8,Yes,Yes,Fiber optic,No,No,No,No,No,No,Month-to-month,Yes,Electronic check,75.25,576.7
Female,No,No,Yes,39,No,No phone service,DSL,No,No,Yes,No,No,No,Month-to-month,No,Credit card (automatic),30.1,1131.3
Female,No,No,No,54,Yes,No,DSL,Yes,No,Yes,Yes,Yes,Yes,Two year,No,Electronic check,80.6,4299.95
Female,No,No,No,7,Yes,No,Fiber optic,No,No,No,No,No,No,Month-to-month,Yes,Mailed check,69.9,497.3
Female,No,Yes,Yes,61,No,No phone service,DSL,No,Yes,Yes,Yes,Yes,Yes,Two year,Yes,Bank transfer (automatic),61.45,3751.15
Female,No,No,No,1,Yes,No,DSL,No,No,No,No,No,No,Month-to-month,Yes,Mailed check,45.3,45.3
Female,No,No,No,11,Yes,No,DSL,No,No,No,No,No,No,Month-to-month,Yes,Mailed check,44.65,472.25
Male,Yes,Yes,No,1,Yes,Yes,Fiber optic,No,No,No,No,No,No,Month-to-month,Yes,Electronic check,73.55,73.55
Female,No,No,No,6,Yes,Yes,Fiber optic,No,Yes,No,No,Yes,No,Month-to-month,Yes,Electronic check,90.1,521.3
Male,No,Yes,No,9,No,No phone service,DSL,No,No,No,No,No,No,One year,No,Bank transfer (automatic),24.1,259.8
Female,No,No,No,31,Yes,Yes,Fiber optic,Yes,Yes,No,No,Yes,Yes,Month-to-month,No,Electronic check,104.35,3205.6
Female,No,No,No,32,Yes,No,No,No internet service,No internet service,No internet service,No internet service,No internet service,No internet service,One year,No,Bank transfer (automatic),19.75,624.15
Male,No,Yes,No,17,Yes,Yes,Fiber optic,No,Yes,Yes,No,Yes,Yes,Month-to-month,Yes,Electronic check,102.55,1742.5
